{"stats":{"minecraft:picked_up":{"minecraft:salmon":2,"minecraft:enchanted_book":1,"minecraft:cod":2,"minecraft:dirt":7},"minecraft:dropped":{"minecraft:enchanted_book":2},"minecraft:custom":{"minecraft:time_since_rest":1026,"minecraft:crouch_one_cm":142,"minecraft:sprint_one_cm":14837,"minecraft:play_time":22351,"minecraft:damage_taken":830,"minecraft:deaths":3,"minecraft:walk_one_cm":36025,"minecraft:sneak_time":11,"minecraft:walk_under_water_one_cm":686,"minecraft:mob_kills":4,"minecraft:interact_with_anvil":2,"minecraft:drop":2,"minecraft:jump":174,"minecraft:damage_dealt":582,"minecraft:leave_game":2,"minecraft:time_since_death":973,"minecraft:walk_on_water_one_cm":392,"minecraft:total_world_time":22351,"minecraft:fall_one_cm":11773,"minecraft:fly_one_cm":24307},"minecraft:killed":{"minecraft:zombie":1,"minecraft:polar_bear":2},"minecraft:killed_by":{"minecraft:creeper":1,"minecraft:polar_bear":1},"minecraft:mined":{"minecraft:grass_block":2,"minecraft:dirt":5,"minecraft:spruce_leaves":3},"minecraft:used":{"minecraft:trident":10,"minecraft:salmon":2,"minecraft:dirt":7,"minecraft:anvil":1,"minecraft:cod":2,"minecraft:experience_bottle":64}},"DataVersion":3465}